﻿<?xml version="1.0" encoding="utf-8"?>
<Atlas>
	<Texture filename="ms_buttons.tex" />
	<Elements>
		<Element name="button_moddedskins_off.tex" u1="0.001" u2="0.249" v2="0.499" v1="0.001" variant="" />
		<Element name="button_moddedskins_on.tex" u1="0.251" u2="0.499" v2="0.499" v1="0.001" variant="" />
		<Element name="button_modlocked.tex" u1="0.501" u2="0.749" v2="0.999" v1="0.501" variant="" />
		<Element name="button_officialskins_off.tex" u1="0.001" u2="0.249" v2="0.999" v1="0.501" variant="" />
		<Element name="button_officialskins_on.tex" u1="0.251" u2="0.499" v2="0.999" v1="0.501" variant="" />
	</Elements>
</Atlas>